{
    "name": "root",
    "gauges": {
        "Doughnut.Policy.Entropy.mean": {
            "value": 0.32943376898765564,
            "min": 0.32943376898765564,
            "max": 0.6931353807449341,
            "count": 13
        },
        "Doughnut.Policy.Entropy.sum": {
            "value": 3283.7958984375,
            "min": 3283.7958984375,
            "max": 7064.435546875,
            "count": 13
        },
        "Doughnut.Environment.EpisodeLength.mean": {
            "value": 45.80555555555556,
            "min": 17.708955223880597,
            "max": 45.80555555555556,
            "count": 13
        },
        "Doughnut.Environment.EpisodeLength.sum": {
            "value": 9894.0,
            "min": 9492.0,
            "max": 9894.0,
            "count": 13
        },
        "Doughnut.Step.mean": {
            "value": 129957.0,
            "min": 9980.0,
            "max": 129957.0,
            "count": 13
        },
        "Doughnut.Step.sum": {
            "value": 129957.0,
            "min": 9980.0,
            "max": 129957.0,
            "count": 13
        },
        "Doughnut.Policy.ExtrinsicValueEstimate.mean": {
            "value": -6.754998207092285,
            "min": -7.834133148193359,
            "max": -0.21101999282836914,
            "count": 13
        },
        "Doughnut.Policy.ExtrinsicValueEstimate.sum": {
            "value": -1614.444580078125,
            "min": -3102.316650390625,
            "max": -112.68467712402344,
            "count": 13
        },
        "Doughnut.Environment.CumulativeReward.mean": {
            "value": -7.710879877761558,
            "min": -9.115543106522006,
            "max": -7.710879877761558,
            "count": 13
        },
        "Doughnut.Environment.CumulativeReward.sum": {
            "value": -1665.5500535964966,
            "min": -4867.7000188827515,
            "max": -1665.5500535964966,
            "count": 13
        },
        "Doughnut.Policy.ExtrinsicReward.mean": {
            "value": -7.710879877761558,
            "min": -9.115543106522006,
            "max": -7.710879877761558,
            "count": 13
        },
        "Doughnut.Policy.ExtrinsicReward.sum": {
            "value": -1665.5500535964966,
            "min": -4867.7000188827515,
            "max": -1665.5500535964966,
            "count": 13
        },
        "Doughnut.IsTraining.mean": {
            "value": 1.0,
            "min": 1.0,
            "max": 1.0,
            "count": 13
        },
        "Doughnut.IsTraining.sum": {
            "value": 1.0,
            "min": 1.0,
            "max": 1.0,
            "count": 13
        },
        "Doughnut.Losses.PolicyLoss.mean": {
            "value": 0.024007912306115032,
            "min": 0.016716548955688873,
            "max": 0.027445145541181167,
            "count": 12
        },
        "Doughnut.Losses.PolicyLoss.sum": {
            "value": 0.024007912306115032,
            "min": 0.016716548955688873,
            "max": 0.027445145541181167,
            "count": 12
        },
        "Doughnut.Losses.ValueLoss.mean": {
            "value": 1.9320040742556255,
            "min": 1.2287033438682555,
            "max": 18.790642992655435,
            "count": 12
        },
        "Doughnut.Losses.ValueLoss.sum": {
            "value": 1.9320040742556255,
            "min": 1.2287033438682555,
            "max": 18.790642992655435,
            "count": 12
        },
        "Doughnut.Policy.LearningRate.mean": {
            "value": 0.0002815398061534,
            "min": 0.0002815398061534,
            "max": 0.00029846385051205006,
            "count": 12
        },
        "Doughnut.Policy.LearningRate.sum": {
            "value": 0.0002815398061534,
            "min": 0.0002815398061534,
            "max": 0.00029846385051205006,
            "count": 12
        },
        "Doughnut.Policy.Epsilon.mean": {
            "value": 0.19384659999999995,
            "min": 0.19384659999999995,
            "max": 0.19948795000000002,
            "count": 12
        },
        "Doughnut.Policy.Epsilon.sum": {
            "value": 0.19384659999999995,
            "min": 0.19384659999999995,
            "max": 0.19948795000000002,
            "count": 12
        },
        "Doughnut.Policy.Beta.mean": {
            "value": 0.004692945340000001,
            "min": 0.004692945340000001,
            "max": 0.004974448705,
            "count": 12
        },
        "Doughnut.Policy.Beta.sum": {
            "value": 0.004692945340000001,
            "min": 0.004692945340000001,
            "max": 0.004974448705,
            "count": 12
        }
    },
    "metadata": {
        "timer_format_version": "0.1.0",
        "start_time_seconds": "1718718629",
        "python_version": "3.9.0 (tags/v3.9.0:9cf6752, Oct  5 2020, 15:34:40) [MSC v.1927 64 bit (AMD64)]",
        "command_line_arguments": "C:\\Users\\user\\AppData\\Local\\Programs\\Python\\Python39\\Scripts\\mlagents-learn D:\\GitHub\\CuteDoughnut\\ml-agents-release_20\\config\\ppo\\Doughnut.yaml --run-id=test14 --results-dir=D:\\GitHub\\CuteDoughnut\\Results",
        "mlagents_version": "0.30.0",
        "mlagents_envs_version": "0.30.0",
        "communication_protocol_version": "1.5.0",
        "pytorch_version": "1.7.1+cu110",
        "numpy_version": "1.21.2",
        "end_time_seconds": "1718718779"
    },
    "total": 150.1066529,
    "count": 1,
    "self": 0.003770099999997001,
    "children": {
        "run_training.setup": {
            "total": 0.09686260000000002,
            "count": 1,
            "self": 0.09686260000000002
        },
        "TrainerController.start_learning": {
            "total": 150.0060202,
            "count": 1,
            "self": 0.18976470000035306,
            "children": {
                "TrainerController._reset_env": {
                    "total": 16.464676299999997,
                    "count": 1,
                    "self": 16.464676299999997
                },
                "TrainerController.advance": {
                    "total": 133.26867999999965,
                    "count": 11878,
                    "self": 0.17045489999964047,
                    "children": {
                        "env_step": {
                            "total": 93.1256894999996,
                            "count": 11878,
                            "self": 72.66961200000038,
                            "children": {
                                "SubprocessEnvManager._take_step": {
                                    "total": 20.344234600000252,
                                    "count": 11878,
                                    "self": 0.39305989999955315,
                                    "children": {
                                        "TorchPolicy.evaluate": {
                                            "total": 19.9511747000007,
                                            "count": 8360,
                                            "self": 19.9511747000007
                                        }
                                    }
                                },
                                "workers": {
                                    "total": 0.1118428999989618,
                                    "count": 11878,
                                    "self": 0.0,
                                    "children": {
                                        "worker_root": {
                                            "total": 132.83327350000016,
                                            "count": 11878,
                                            "is_parallel": true,
                                            "self": 70.78592010000018,
                                            "children": {
                                                "steps_from_proto": {
                                                    "total": 0.0006391000000007807,
                                                    "count": 1,