{
    "name": "root",
    "gauges": {
        "Doughnut.Policy.Entropy.mean": {
            "value": 0.04894094914197922,
            "min": 0.04894094914197922,
            "max": 0.3536960780620575,
            "count": 18
        },
        "Doughnut.Policy.Entropy.sum": {
            "value": 488.9200744628906,
            "min": 488.9200744628906,
            "max": 3060.117431640625,
            "count": 18
        },
        "Doughnut.Environment.EpisodeLength.mean": {
            "value": 110.1685393258427,
            "min": 13.696252465483235,
            "max": 129.06493506493507,
            "count": 18
        },
        "Doughnut.Environment.EpisodeLength.sum": {
            "value": 9805.0,
            "min": 6944.0,
            "max": 10192.0,
            "count": 18
        },
        "Doughnut.Step.mean": {
            "value": 279956.0,
            "min": 109991.0,
            "max": 279956.0,
            "count": 18
        },
        "Doughnut.Step.sum": {
            "value": 279956.0,
            "min": 109991.0,
            "max": 279956.0,
            "count": 18
        },
        "Doughnut.Policy.ExtrinsicValueEstimate.mean": {
            "value": -3.4585883617401123,
            "min": -7.798709869384766,
            "max": -3.4585883617401123,
            "count": 18
        },
        "Doughnut.Policy.ExtrinsicValueEstimate.sum": {
            "value": -643.2974243164062,
            "min": -4488.3798828125,
            "max": -643.2974243164062,
            "count": 18
        },
        "Doughnut.Environment.CumulativeReward.mean": {
            "value": -4.491573451610094,
            "min": -9.31518736769697,
            "max": -3.5544877296839004,
            "count": 18
        },
        "Doughnut.Environment.CumulativeReward.sum": {
            "value": -399.75003719329834,
            "min": -5238.550001144409,
            "max": -277.25004291534424,
            "count": 18
        },
        "Doughnut.Policy.ExtrinsicReward.mean": {
            "value": -4.491573451610094,
            "min": -9.31518736769697,
            "max": -3.5544877296839004,
            "count": 18
        },
        "Doughnut.Policy.ExtrinsicReward.sum": {
            "value": -399.75003719329834,
            "min": -5238.550001144409,
            "max": -277.25004291534424,
            "count": 18
        },
        "Doughnut.IsTraining.mean": {
            "value": 1.0,
            "min": 1.0,
            "max": 1.0,
            "count": 18
        },
        "Doughnut.IsTraining.sum": {
            "value": 1.0,
            "min": 1.0,
            "max": 1.0,
            "count": 18
        },
        "Doughnut.Losses.PolicyLoss.mean": {
            "value": 0.017037784509981672,
            "min": 0.016579820138091842,
            "max": 0.027920089196413755,
            "count": 17
        },
        "Doughnut.Losses.PolicyLoss.sum": {
            "value": 0.017037784509981672,
            "min": 0.016579820138091842,
            "max": 0.027920089196413755,
            "count": 17
        },
        "Doughnut.Losses.ValueLoss.mean": {
            "value": 3.0040625095367433,
            "min": 1.6544500708580017,
            "max": 3.0040625095367433,
            "count": 17
        },
        "Doughnut.Losses.ValueLoss.sum": {
            "value": 3.0040625095367433,
            "min": 1.6544500708580017,
            "max": 3.0040625095367433,
            "count": 17
        },
        "Doughnut.Policy.LearningRate.mean": {
            "value": 0.00025843111385630003,
            "min": 0.00025843111385630003,
            "max": 0.00028308060563980004,
            "count": 17
        },
        "Doughnut.Policy.LearningRate.sum": {
            "value": 0.00025843111385630003,
            "min": 0.00025843111385630003,
            "max": 0.00028308060563980004,
            "count": 17
        },
        "Doughnut.Policy.Epsilon.mean": {
            "value": 0.18614369999999997,
            "min": 0.18614369999999997,
            "max": 0.19436020000000007,
            "count": 17
        },
        "Doughnut.Policy.Epsilon.sum": {
            "value": 0.18614369999999997,
            "min": 0.18614369999999997,
            "max": 0.19436020000000007,
            "count": 17
        },
        "Doughnut.Policy.Beta.mean": {
            "value": 0.004308570629999999,
            "min": 0.004308570629999999,
            "max": 0.004718573980000001,
            "count": 17
        },
        "Doughnut.Policy.Beta.sum": {
            "value": 0.004308570629999999,
            "min": 0.004308570629999999,
            "max": 0.004718573980000001,
            "count": 17
        }
    },
    "metadata": {
        "timer_format_version": "0.1.0",
        "start_time_seconds": "1718717106",
        "python_version": "3.9.0 (tags/v3.9.0:9cf6752, Oct  5 2020, 15:34:40) [MSC v.1927 64 bit (AMD64)]",
        "command_line_arguments": "C:\\Users\\user\\AppData\\Local\\Programs\\Python\\Python39\\Scripts\\mlagents-learn D:\\GitHub\\CuteDoughnut\\ml-agents-release_20\\config\\ppo\\Doughnut.yaml --run-id=test9 --results-dir=D:\\GitHub\\CuteDoughnut\\Results --resume",
        "mlagents_version": "0.30.0",
        "mlagents_envs_version": "0.30.0",
        "communication_protocol_version": "1.5.0",
        "pytorch_version": "1.7.1+cu110",
        "numpy_version": "1.21.2",
        "end_time_seconds": "1718717461"
    },
    "total": 355.1221392,
    "count": 1,
    "self": 0.003457200000013927,
    "children": {
        "run_training.setup": {
            "total": 0.09544980000000003,
            "count": 1,
            "self": 0.09544980000000003
        },
        "TrainerController.start_learning": {
            "total": 355.0232322,
            "count": 1,
            "self": 0.379478400000437,
            "children": {
                "TrainerController._reset_env": {
                    "total": 10.1607091,
                    "count": 1,
                    "self": 10.1607091
                },
                "TrainerController.advance": {
                    "total": 344.42611569999957,
                    "count": 21673,
                    "self": 0.3186381999981336,
                    "children": {
                        "env_step": {
                            "total": 288.1359188000008,
                            "count": 21673,
                            "self": 238.9722284000033,
                            "children": {
                                "SubprocessEnvManager._take_step": {
                                    "total": 48.922863399996785,
                                    "count": 21673,
                                    "self": 0.9189028999976827,
                                    "children": {
                                        "TorchPolicy.evaluate": {
                                            "total": 48.0039604999991,
                                            "count": 18714,
                                            "self": 48.0039604999991
                                        }
                                    }
                                },
                                "workers": {
                                    "total": 0.24082700000072244,
                                    "count": 21672,
                                    "self": 0.0,
                                    "children": {
                                        "worker_root": {
                                            "total": 265.89098740000094,
                                            "count": 21672,
                                            "is_parallel": true,
                                            "self": 127.66753880000192,
                                            "children": {
                                                "steps_from_proto": {
                                                    "total": 0.0005953000000005204,