{
    "name": "root",
    "metadata": {
        "timer_format_version": "0.1.0",
        "start_time_seconds": "1718718448",
        "python_version": "3.9.0 (tags/v3.9.0:9cf6752, Oct  5 2020, 15:34:40) [MSC v.1927 64 bit (AMD64)]",
        "command_line_arguments": "C:\\Users\\user\\AppData\\Local\\Programs\\Python\\Python39\\Scripts\\mlagents-learn D:\\GitHub\\CuteDoughnut\\ml-agents-release_20\\config\\ppo\\Doughnut.yaml --run-id=test12 --results-dir=D:\\GitHub\\CuteDoughnut\\Results",
        "mlagents_version": "0.30.0",
        "mlagents_envs_version": "0.30.0",
        "communication_protocol_version": "1.5.0",
        "pytorch_version": "1.7.1+cu110",
        "numpy_version": "1.21.2",
        "end_time_seconds": "1718718525"
    },
    "total": 76.5962406,
    "count": 1,
    "self": 0.004137499999998795,
    "children": {
        "run_training.setup": {
            "total": 0.11582899999999996,
            "count": 1,
            "self": 0.11582899999999996
        },
        "TrainerController.start_learning": {
            "total": 76.4762741,
            "count": 1,
            "self": 0.009871799999984887,
            "children": {
                "TrainerController._reset_env": {
                    "total": 7.6855516999999995,
                    "count": 1,
                    "self": 7.6855516999999995
                },
                "TrainerController.advance": {
                    "total": 68.67822050000001,
                    "count": 607,
                    "self": 0.00933980000002066,
                    "children": {
                        "env_step": {
                            "total": 68.14690479999997,
                            "count": 607,
                            "self": 66.1876293,
                            "children": {
                                "SubprocessEnvManager._take_step": {
                                    "total": 1.9538870000000053,
                                    "count": 607,
                                    "self": 0.02721030000000546,
                                    "children": {
                                        "TorchPolicy.evaluate": {
                                            "total": 1.9266766999999998,
                                            "count": 604,
                                            "self": 1.9266766999999998
                                        }
                                    }
                                },
                                "workers": {
                                    "total": 0.00538849999997737,
                                    "count": 606,
                                    "self": 0.0,
                                    "children": {
                                        "worker_root": {
                                            "total": 9.150692699999981,
                                            "count": 606,
                                            "is_parallel": true,
                                            "self": 4.580401799999979,
                                            "children": {
                                                "steps_from_proto": {
                                                    "total": 0.0005091999999997654,
                                                    "count": 1,
                                                    "is_parallel": true,
                                                    "self": 0.00016839999999973543,
                                                    "children": {
                                                        "_process_rank_one_or_two_observation": {
                                                            "total": 0.00034080000000002997,
                                                            "count": 4,
                                                            "is_parallel": true,
                                                            "self": 0.00034080000000002997
                                                        }
                                                    }
                                                },
                                                "UnityEnvironment.step": {
                                                    "total": 4.569781700000002,
                                                    "count": 606,
                                                    "is_parallel": true,
                                                    "self": 0.09215030000003566,
                                                    "children": {
                                                        "UnityEnvironment._generate_step_input": {
                                                            "total": 0.10018670000000007,
                                                            "count": 606,
                                                            "is_parallel": true,
                                                            "self": 0.10018670000000007
                                                        },
                                                        "communicator.exchange": {
                                                            "total": 4.133705299999983,
                                                            "count": 606,
                                                            "is_parallel": true,
                                                            "self": 4.133705299999983
                                                        },
                                                        "steps_from_proto": {
                                                            "total": 0.24373939999998306,
                                                            "count": 606,
                                                            "is_parallel": true,
                                                            "self": 0.08113020000002535,
                                                            "children": {
                                                                "_process_rank_one_or_two_observation": {
                                                                    "total": 0.1626091999999577,
                                                                    "count": 2424,
                                                                    "is_parallel": true,
                                                                    "self": 0.1626091999999577
                                                                }
                                                            }
                                                        }
                                                    }
                                                }
                                            }
                                        }
                                    }
                                }
                            }
                        },
                        "trainer_advance": {
                            "total": 0.5219759000000099,
                            "count": 606,
                            "self": 0.011265399999984993,
                            "children": {
                                "process_trajectory": {
                                    "total": 0.5107105000000249,
                                    "count": 606,
                                    "self": 0.5107105000000249
                                }
                            }
                        }
                    }
                },
                "TrainerController._save_models": {
                    "total": 0.10263009999999895,
                    "count": 1,
                    "self": 0.012546599999993191,
                    "children": {
                        "RLTrainer._checkpoint": {
                            "total": 0.09008350000000576,