{
    "name": "root",
    "metadata": {
        "timer_format_version": "0.1.0",
        "start_time_seconds": "1718715760",
        "python_version": "3.9.0 (tags/v3.9.0:9cf6752, Oct  5 2020, 15:34:40) [MSC v.1927 64 bit (AMD64)]",
        "command_line_arguments": "C:\\Users\\user\\AppData\\Local\\Programs\\Python\\Python39\\Scripts\\mlagents-learn D:\\GitHub\\CuteDoughnut\\ml-agents-release_20\\config\\ppo\\Doughnut.yaml --run-id=test2 --results-dir=D:\\GitHub\\CuteDoughnut\\Results",
        "mlagents_version": "0.30.0",
        "mlagents_envs_version": "0.30.0",
        "communication_protocol_version": "1.5.0",
        "pytorch_version": "1.7.1+cu110",
        "numpy_version": "1.21.2",
        "end_time_seconds": "1718715808"
    },
    "total": 47.992493,
    "count": 1,
    "self": 0.014824700000005464,
    "children": {
        "run_training.setup": {
            "total": 0.09048080000000003,
            "count": 1,
            "self": 0.09048080000000003
        },
        "TrainerController.start_learning": {
            "total": 47.887187499999996,
            "count": 1,
            "self": 0.0004225999999860619,
            "children": {
                "TrainerController._reset_env": {
                    "total": 10.625654800000001,
                    "count": 1,
                    "self": 10.625654800000001
                },
                "TrainerController.advance": {
                    "total": 35.7913325,
                    "count": 1,
                    "self": 1.770000000789196e-05,
                    "children": {
                        "env_step": {
                            "total": 35.791314799999995,
                            "count": 1,
                            "self": 35.791307399999994,
                            "children": {
                                "SubprocessEnvManager._take_step": {
                                    "total": 7.399999999435636e-06,
                                    "count": 1,
                                    "self": 7.399999999435636e-06
                                }
                            }
                        }
                    }
                },
                "trainer_threads": {
                    "total": 1.1000000057492798e-06,
                    "count": 1,
                    "self": 1.1000000057492798e-06
                },
                "TrainerController._save_models": {
                    "total": 1.4697765000000018,
                    "count": 1,
                    "self": 0.017547100000001592,
                    "children": {
                        "RLTrainer._checkpoint": {
                            "total": 1.4522294000000002,
                            "count": 1,
                            "self": 1.4522294000000002
                        }
                    }
                }
            }
        }
    }
}