{
    "name": "root",
    "gauges": {
        "Doughnut.Policy.Entropy.mean": {
            "value": 0.4760981500148773,
            "min": 0.4760981500148773,
            "max": 0.6930979490280151,
            "count": 4
        },
        "Doughnut.Policy.Entropy.sum": {
            "value": 4768.59912109375,
            "min": 4768.59912109375,
            "max": 6975.337890625,
            "count": 4
        },
        "Doughnut.Environment.EpisodeLength.mean": {
            "value": 9.167682926829269,
            "min": 3.7885167464114833,
            "max": 9.167682926829269,
            "count": 4
        },
        "Doughnut.Environment.EpisodeLength.sum": {
            "value": 9021.0,
            "min": 7918.0,
            "max": 9021.0,
            "count": 4
        },
        "Doughnut.Step.mean": {
            "value": 39997.0,
            "min": 9986.0,
            "max": 39997.0,
            "count": 4
        },
        "Doughnut.Step.sum": {
            "value": 39997.0,
            "min": 9986.0,
            "max": 39997.0,
            "count": 4
        },
        "Doughnut.Policy.ExtrinsicValueEstimate.mean": {
            "value": -9.418829917907715,
            "min": -9.418829917907715,
            "max": -0.09135690331459045,
            "count": 4
        },
        "Doughnut.Policy.ExtrinsicValueEstimate.sum": {
            "value": -9249.291015625,
            "min": -14420.03515625,
            "max": -190.84457397460938,
            "count": 4
        },
        "Doughnut.Environment.CumulativeReward.mean": {
            "value": -9.540835071241297,
            "min": -9.810986052750971,
            "max": -9.540835071241297,
            "count": 4
        },
        "Doughnut.Environment.CumulativeReward.sum": {
            "value": -9369.100039958954,
            "min": -20495.149864196777,
            "max": -9369.100039958954,
            "count": 4
        },
        "Doughnut.Policy.ExtrinsicReward.mean": {
            "value": -9.540835071241297,
            "min": -9.810986052750971,
            "max": -9.540835071241297,
            "count": 4
        },
        "Doughnut.Policy.ExtrinsicReward.sum": {
            "value": -9369.100039958954,
            "min": -20495.149864196777,
            "max": -9369.100039958954,
            "count": 4
        },
        "Doughnut.IsTraining.mean": {
            "value": 1.0,
            "min": 1.0,
            "max": 1.0,
            "count": 4
        },
        "Doughnut.IsTraining.sum": {
            "value": 1.0,
            "min": 1.0,
            "max": 1.0,
            "count": 4
        },
        "Doughnut.Losses.PolicyLoss.mean": {
            "value": 0.03823790194777151,
            "min": 0.02981789509455363,
            "max": 0.042103148282816014,
            "count": 3
        },
        "Doughnut.Losses.PolicyLoss.sum": {
            "value": 0.03823790194777151,
            "min": 0.02981789509455363,
            "max": 0.042103148282816014,
            "count": 3
        },
        "Doughnut.Losses.ValueLoss.mean": {
            "value": 0.28254893024762473,
            "min": 0.28254893024762473,
            "max": 46.4274632136027,
            "count": 3
        },
        "Doughnut.Losses.ValueLoss.sum": {
            "value": 0.28254893024762473,
            "min": 0.28254893024762473,
            "max": 46.4274632136027,
            "count": 3
        },
        "Doughnut.Policy.LearningRate.mean": {
            "value": 0.0002953890015369999,
            "min": 0.0002953890015369999,
            "max": 0.00029846220051260006,
            "count": 3
        },
        "Doughnut.Policy.LearningRate.sum": {
            "value": 0.0002953890015369999,
            "min": 0.0002953890015369999,
            "max": 0.00029846220051260006,
            "count": 3
        },
        "Doughnut.Policy.Epsilon.mean": {
            "value": 0.19846300000000003,
            "min": 0.19846300000000003,
            "max": 0.19948739999999995,
            "count": 3
        },
        "Doughnut.Policy.Epsilon.sum": {
            "value": 0.19846300000000003,
            "min": 0.19846300000000003,
            "max": 0.19948739999999995,
            "count": 3
        },
        "Doughnut.Policy.Beta.mean": {
            "value": 0.0049233037,
            "min": 0.0049233037,
            "max": 0.00497442126,
            "count": 3
        },
        "Doughnut.Policy.Beta.sum": {
            "value": 0.0049233037,
            "min": 0.0049233037,
            "max": 0.00497442126,
            "count": 3
        }
    },
    "metadata": {
        "timer_format_version": "0.1.0",
        "start_time_seconds": "1718718940",
        "python_version": "3.9.0 (tags/v3.9.0:9cf6752, Oct  5 2020, 15:34:40) [MSC v.1927 64 bit (AMD64)]",
        "command_line_arguments": "C:\\Users\\user\\AppData\\Local\\Programs\\Python\\Python39\\Scripts\\mlagents-learn D:\\GitHub\\CuteDoughnut\\ml-agents-release_20\\config\\ppo\\Doughnut.yaml --run-id=test16 --results-dir=D:\\GitHub\\CuteDoughnut\\Results",
        "mlagents_version": "0.30.0",
        "mlagents_envs_version": "0.30.0",
        "communication_protocol_version": "1.5.0",
        "pytorch_version": "1.7.1+cu110",
        "numpy_version": "1.21.2",
        "end_time_seconds": "1718719033"
    },
    "total": 93.3812838,
    "count": 1,
    "self": 0.006255200000012451,
    "children": {
        "run_training.setup": {
            "total": 0.09447919999999999,
            "count": 1,
            "self": 0.09447919999999999
        },
        "TrainerController.start_learning": {
            "total": 93.2805494,
            "count": 1,
            "self": 0.1040760000000347,
            "children": {
                "TrainerController._reset_env": {
                    "total": 20.773981,
                    "count": 1,
                    "self": 20.773981
                },
                "TrainerController.advance": {
                    "total": 72.28295709999998,
                    "count": 6484,
                    "self": 0.08302049999957717,
                    "children": {
                        "env_step": {
                            "total": 49.40698530000034,
                            "count": 6484,
                            "self": 42.60559410000064,
                            "children": {
                                "SubprocessEnvManager._take_step": {
                                    "total": 6.7466316999996,
                                    "count": 6484,
                                    "self": 0.13632569999932542,
                                    "children": {
                                        "TorchPolicy.evaluate": {
                                            "total": 6.610306000000275,
                                            "count": 2677,
                                            "self": 6.610306000000275
                                        }
                                    }
                                },
                                "workers": {
                                    "total": 0.05475950000010599,
                                    "count": 6483,
                                    "self": 0.0,
                                    "children": {
                                        "worker_root": {
                                            "total": 71.8289783000003,
                                            "count": 6483,
                                            "is_parallel": true,
                                            "self": 35.76052970000016,
                                            "children": {
                                                "steps_from_proto": {
                                                    "total": 0.000555299999998482,
                                                    "count": 1,
                                                    "is_parallel": true,