{
    "name": "root",
    "gauges": {
        "Doughnut.Policy.Entropy.mean": {
            "value": 0.6809982061386108,
            "min": 0.6733291149139404,
            "max": 0.693034291267395,
            "count": 4
        },
        "Doughnut.Policy.Entropy.sum": {
            "value": 6973.42138671875,
            "min": 6894.89013671875,
            "max": 7096.67138671875,
            "count": 4
        },
        "Doughnut.Environment.EpisodeLength.mean": {
            "value": 19.0,
            "min": 19.0,
            "max": 19.0,
            "count": 1
        },
        "Doughnut.Environment.EpisodeLength.sum": {
            "value": 19.0,
            "min": 19.0,
            "max": 19.0,
            "count": 1
        },
        "Doughnut.Step.mean": {
            "value": 39956.0,
            "min": 9940.0,
            "max": 39956.0,
            "count": 4
        },
        "Doughnut.Step.sum": {
            "value": 39956.0,
            "min": 9940.0,
            "max": 39956.0,
            "count": 4
        },
        "Doughnut.Policy.ExtrinsicValueEstimate.mean": {
            "value": 1.5852746963500977,
            "min": 0.16370852291584015,
            "max": 1.5852746963500977,
            "count": 4
        },
        "Doughnut.Policy.ExtrinsicValueEstimate.sum": {
            "value": 247.3028564453125,
            "min": 25.538528442382812,
            "max": 247.3028564453125,
            "count": 4
        },
        "Doughnut.Environment.CumulativeReward.mean": {
            "value": -9.050000190734863,
            "min": -9.050000190734863,
            "max": -9.050000190734863,
            "count": 1
        },
        "Doughnut.Environment.CumulativeReward.sum": {
            "value": -9.050000190734863,
            "min": -9.050000190734863,
            "max": -9.050000190734863,
            "count": 1
        },
        "Doughnut.Policy.ExtrinsicReward.mean": {
            "value": -9.050000190734863,
            "min": -9.050000190734863,
            "max": -9.050000190734863,
            "count": 1
        },
        "Doughnut.Policy.ExtrinsicReward.sum": {
            "value": -9.050000190734863,
            "min": -9.050000190734863,
            "max": -9.050000190734863,
            "count": 1
        },
        "Doughnut.IsTraining.mean": {
            "value": 1.0,
            "min": 1.0,
            "max": 1.0,
            "count": 4
        },
        "Doughnut.IsTraining.sum": {
            "value": 1.0,
            "min": 1.0,
            "max": 1.0,
            "count": 4
        },
        "Doughnut.Losses.PolicyLoss.mean": {
            "value": 0.01804508223819236,
            "min": 0.01804508223819236,
            "max": 0.0269467540550977,
            "count": 3
        },
        "Doughnut.Losses.PolicyLoss.sum": {
            "value": 0.01804508223819236,
            "min": 0.01804508223819236,
            "max": 0.0269467540550977,
            "count": 3
        },
        "Doughnut.Losses.ValueLoss.mean": {
            "value": 0.06406926816950241,
            "min": 0.06406926816950241,
            "max": 0.1688854206353426,
            "count": 3
        },
        "Doughnut.Losses.ValueLoss.sum": {
            "value": 0.06406926816950241,
            "min": 0.06406926816950241,
            "max": 0.1688854206353426,
            "count": 3
        },
        "Doughnut.Policy.LearningRate.mean": {
            "value": 0.00029523540158819995,
            "min": 0.00029523540158819995,
            "max": 0.00029846100051299994,
            "count": 3
        },
        "Doughnut.Policy.LearningRate.sum": {
            "value": 0.00029523540158819995,
            "min": 0.00029523540158819995,
            "max": 0.00029846100051299994,
            "count": 3
        },
        "Doughnut.Policy.Epsilon.mean": {
            "value": 0.19841179999999997,
            "min": 0.19841179999999997,
            "max": 0.1994870000000001,
            "count": 3
        },
        "Doughnut.Policy.Epsilon.sum": {
            "value": 0.19841179999999997,
            "min": 0.19841179999999997,
            "max": 0.1994870000000001,
            "count": 3
        },
        "Doughnut.Policy.Beta.mean": {
            "value": 0.004920748819999998,
            "min": 0.004920748819999998,
            "max": 0.0049744012999999995,
            "count": 3
        },
        "Doughnut.Policy.Beta.sum": {
            "value": 0.004920748819999998,
            "min": 0.004920748819999998,
            "max": 0.0049744012999999995,
            "count": 3
        }
    },
    "metadata": {
        "timer_format_version": "0.1.0",
        "start_time_seconds": "1718717853",
        "python_version": "3.9.0 (tags/v3.9.0:9cf6752, Oct  5 2020, 15:34:40) [MSC v.1927 64 bit (AMD64)]",
        "command_line_arguments": "C:\\Users\\user\\AppData\\Local\\Programs\\Python\\Python39\\Scripts\\mlagents-learn D:\\GitHub\\CuteDoughnut\\ml-agents-release_20\\config\\ppo\\Doughnut.yaml --run-id=test10 --results-dir=D:\\GitHub\\CuteDoughnut\\Results",
        "mlagents_version": "0.30.0",
        "mlagents_envs_version": "0.30.0",
        "communication_protocol_version": "1.5.0",
        "pytorch_version": "1.7.1+cu110",
        "numpy_version": "1.21.2",
        "end_time_seconds": "1718717901"
    },
    "total": 48.5894936,
    "count": 1,
    "self": 0.0039933999999988146,
    "children": {
        "run_training.setup": {
            "total": 0.09092729999999993,
            "count": 1,
            "self": 0.09092729999999993
        },
        "TrainerController.start_learning": {
            "total": 48.4945729,
            "count": 1,
            "self": 0.044602399999966735,
            "children": {
                "TrainerController._reset_env": {
                    "total": 6.3042609999999994,
                    "count": 1,
                    "self": 6.3042609999999994
                },
                "TrainerController.advance": {
                    "total": 42.02511630000004,
                    "count": 2961,
                    "self": 0.04690960000003486,
                    "children": {
                        "env_step": {
                            "total": 31.902680100000058,
                            "count": 2961,
                            "self": 24.430313400000053,
                            "children": {
                                "SubprocessEnvManager._take_step": {
                                    "total": 7.442732799999936,
                                    "count": 2961,
                                    "self": 0.13686530000006947,
                                    "children": {
                                        "TorchPolicy.evaluate": {
                                            "total": 7.3058674999998665,
                                            "count": 2961,
                                            "self": 7.3058674999998665
                                        }
                                    }
                                },
                                "workers": {
                                    "total": 0.029633900000071378,
                                    "count": 2960,
                                    "self": 0.0,
                                    "children": {
                                        "worker_root": {
                                            "total": 41.35756830000003,
                                            "count": 2960,
                                            "is_parallel": true,
                                            "self": 21.826945000000077,
                                            "children": {
                                                "steps_from_proto": {
                                                    "total": 0.00048129999999968476,
                                                    "count": 1,