{
    "name": "root",
    "gauges": {
        "Doughnut.Policy.Entropy.mean": {
            "value": 0.049166686832904816,
            "min": 0.046170834451913834,
            "max": 0.06728769093751907,
            "count": 58
        },
        "Doughnut.Policy.Entropy.sum": {
            "value": 485.1277160644531,
            "min": 459.68609619140625,
            "max": 676.30859375,
            "count": 58
        },
        "Doughnut.Environment.EpisodeLength.mean": {
            "value": 683.1818181818181,
            "min": 103.71428571428571,
            "max": 882.6666666666666,
            "count": 58
        },
        "Doughnut.Environment.EpisodeLength.sum": {
            "value": 7515.0,
            "min": 1452.0,
            "max": 15472.0,
            "count": 58
        },
        "Doughnut.Step.mean": {
            "value": 1999954.0,
            "min": 1429940.0,
            "max": 1999954.0,
            "count": 58
        },
        "Doughnut.Step.sum": {
            "value": 1999954.0,
            "min": 1429940.0,
            "max": 1999954.0,
            "count": 58
        },
        "Doughnut.Policy.ExtrinsicValueEstimate.mean": {
            "value": 21.43110466003418,
            "min": 16.49715805053711,
            "max": 21.579965591430664,
            "count": 58
        },
        "Doughnut.Policy.ExtrinsicValueEstimate.sum": {
            "value": 3450.40771484375,
            "min": 2470.927001953125,
            "max": 3550.71142578125,
            "count": 58
        },
        "Doughnut.Environment.CumulativeReward.mean": {
            "value": 153.67902330918744,
            "min": 0.0038323913301740375,
            "max": 227.4666259129842,
            "count": 58
        },
        "Doughnut.Environment.CumulativeReward.sum": {
            "value": 1690.469256401062,
            "min": 0.05365347862243652,
            "max": 3713.1326851844788,
            "count": 58
        },
        "Doughnut.Policy.ExtrinsicReward.mean": {
            "value": 153.67902330918744,
            "min": 0.0038323913301740375,
            "max": 227.4666259129842,
            "count": 58
        },
        "Doughnut.Policy.ExtrinsicReward.sum": {
            "value": 1690.469256401062,
            "min": 0.05365347862243652,
            "max": 3713.1326851844788,
            "count": 58
        },
        "Doughnut.IsTraining.mean": {
            "value": 1.0,
            "min": 1.0,
            "max": 1.0,
            "count": 58
        },
        "Doughnut.IsTraining.sum": {
            "value": 1.0,
            "min": 1.0,
            "max": 1.0,
            "count": 58
        },
        "Doughnut.Losses.PolicyLoss.mean": {
            "value": 0.02924264568525056,
            "min": 0.01681464393623173,
            "max": 0.03314643225943049,
            "count": 56
        },
        "Doughnut.Losses.PolicyLoss.sum": {
            "value": 0.02924264568525056,
            "min": 0.01681464393623173,
            "max": 0.03314643225943049,
            "count": 56
        },
        "Doughnut.Losses.ValueLoss.mean": {
            "value": 9.381118249893188,
            "min": 3.5938317934672037,
            "max": 12.567309951782226,
            "count": 56
        },
        "Doughnut.Losses.ValueLoss.sum": {
            "value": 9.381118249893188,
            "min": 3.5938317934672037,
            "max": 12.567309951782226,
            "count": 56
        },
        "Doughnut.Policy.LearningRate.mean": {
            "value": 3.9099986970001613e-07,
            "min": 3.9099986970001613e-07,
            "max": 8.526322157895e-05,
            "count": 56
        },
        "Doughnut.Policy.LearningRate.sum": {
            "value": 3.9099986970001613e-07,
            "min": 3.9099986970001613e-07,
            "max": 8.526322157895e-05,
            "count": 56
        },
        "Doughnut.Policy.Epsilon.mean": {
            "value": 0.1001303,
            "min": 0.1001303,
            "max": 0.12842105,
            "count": 56
        },
        "Doughnut.Policy.Epsilon.sum": {
            "value": 0.1001303,
            "min": 0.1001303,
            "max": 0.12842105,
            "count": 56
        },
        "Doughnut.Policy.Beta.mean": {
            "value": 1.6501970000000275e-05,
            "min": 1.6501970000000275e-05,
            "max": 0.0014282103949999996,
            "count": 56
        },
        "Doughnut.Policy.Beta.sum": {
            "value": 1.6501970000000275e-05,
            "min": 1.6501970000000275e-05,
            "max": 0.0014282103949999996,
            "count": 56
        }
    },
    "metadata": {
        "timer_format_version": "0.1.0",
        "start_time_seconds": "1718751577",
        "python_version": "3.9.0 (tags/v3.9.0:9cf6752, Oct  5 2020, 15:34:40) [MSC v.1927 64 bit (AMD64)]",
        "command_line_arguments": "C:\\Users\\user\\AppData\\Local\\Programs\\Python\\Python39\\Scripts\\mlagents-learn D:\\GitHub\\CuteDoughnut\\ml-agents-release_20\\config\\ppo\\Doughnut.yaml --run-id=test35 --results-dir=D:\\GitHub\\CuteDoughnut\\Results --resume",
        "mlagents_version": "0.30.0",
        "mlagents_envs_version": "0.30.0",
        "communication_protocol_version": "1.5.0",
        "pytorch_version": "1.7.1+cu110",
        "numpy_version": "1.21.2",
        "end_time_seconds": "1718752157"
    },
    "total": 579.7072767999999,
    "count": 1,
    "self": 0.00542880000000423,
    "children": {
        "run_training.setup": {
            "total": 0.1432983000000001,
            "count": 1,
            "self": 0.1432983000000001
        },
        "TrainerController.start_learning": {
            "total": 579.5585497,
            "count": 1,
            "self": 0.5327599999898212,
            "children": {
                "TrainerController._reset_env": {
                    "total": 9.7699664,
                    "count": 1,
                    "self": 9.7699664
                },
                "TrainerController.advance": {
                    "total": 569.2053817000101,
                    "count": 25877,
                    "self": 0.46864860000459885,
                    "children": {
                        "env_step": {
                            "total": 407.4722994000037,
                            "count": 25877,
                            "self": 336.15542369999525,
                            "children": {
                                "SubprocessEnvManager._take_step": {
                                    "total": 71.01409880000494,
                                    "count": 25877,
                                    "self": 1.4211562000015334,
                                    "children": {
                                        "TorchPolicy.evaluate": {
                                            "total": 69.59294260000341,
                                            "count": 25189,
                                            "self": 69.59294260000341
                                        }
                                    }
                                },
                                "workers": {
                                    "total": 0.30277690000350965,
                                    "count": 25877,
                                    "self": 0.0,
                                    "children": {
                                        "worker_root": {
                                            "total": 570.7820411000007,
                                            "count": 25877,
                                            "is_parallel": true,
                                            "self": 269.81946430000073,
                                            "children": {
                                                "steps_from_proto": {
                                                    "total": 0.0006852999999988896,
                                                    "count": 1,